cup1.jpeg,Coffee cup
cup2.jpeg,Coffee cup
cup3.jpeg,Coffee cup
cup4.jpeg,Coffee cup
cup5.jpeg,Coffee cup
cup6.jpeg,Coffee cup
cup7.jpeg,Coffee cup
cup8.jpeg,Coffee cup
cup9.jpeg,Coffee cup
cup10.jpeg,Coffee cup
cup11.jpeg,Coffee cup
cup12.jpeg,Coffee cup
cup13.jpeg,Coffee cup
cup14.jpeg,Coffee cup
cup15.jpeg,Coffee cup
cup16.jpeg,Coffee cup
cup17.jpeg,Coffee cup
cup18.jpeg,Coffee cup
cup19.jpeg,Coffee cup
cup20.jpeg,Coffee cup
cup21.jpeg,Coffee cup
cup22.jpeg,Coffee cup
cup23.jpeg,Coffee cup
cup24.jpeg,Coffee cup
cup25.jpeg,Coffee cup
cup26.jpeg,Coffee cup
cup27.jpeg,Coffee cup
cup28.jpeg,Coffee cup
cup29.jpeg,Coffee cup
cup30.jpeg,Coffee cup
cup31.jpeg,Coffee cup
cup32.jpeg,Coffee cup
cup33.jpeg,Coffee cup
cup34.jpeg,Coffee cup
cup35.jpeg,Coffee cup
cup36.jpeg,Coffee cup
cup37.jpeg,Coffee cup
cup38.jpeg,Coffee cup
cup39.jpeg,Coffee cup
cup40.jpeg,Coffee cup
cup41.jpeg,Coffee cup
cup42.jpeg,Coffee cup
cup43.jpeg,Coffee cup
cup44.jpeg,Coffee cup
cup45.jpeg,Coffee cup
cup46.jpeg,Coffee cup
cup47.jpeg,Coffee cup
cup48.jpeg,Coffee cup
cup49.jpeg,Coffee cup
cup50.jpeg,Coffee cup
cup51.jpeg,Coffee cup
cup52.jpeg,Coffee cup
cup53.jpeg,Coffee cup
cup54.jpeg,Coffee cup
cup55.jpeg,Coffee cup
cup56.jpeg,Coffee cup
cup57.jpeg,Coffee cup
cup58.jpeg,Coffee cup
cup59.jpeg,Coffee cup
cup60.jpeg,Coffee cup
