cups/1.jpg,Coffee cup
cups/2.jpg,Coffee cup
cups/3.jpg,Coffee cup
cups/4.jpg,Coffee cup
cups/5.jpg,Coffee cup
cups/6.jpg,Coffee cup
cups/7.jpg,Coffee cup
cups/8.jpg,Coffee cup
cups/9.jpg,Coffee cup
cups/10.jpg,Coffee cup
cups/11.jpg,Coffee cup
cups/12.jpg,Coffee cup
cups/13.jpg,Coffee cup
cups/14.jpg,Coffee cup
cups/15.jpg,Coffee cup
cups/16.jpg,Coffee cup
cups/17.png,Coffee cup
cups/18.jpg,Coffee cup
cups/19.jpg,Coffee cup
cups/20.jpg,Coffee cup
cups/21.jpg,Coffee cup
cups/22.jpg,Coffee cup
cups/23.jpg,Coffee cup
cups/24.jpg,Coffee cup
cups/25.jpg,Coffee cup
boxes/1.jpg,Box
boxes/2.jpg,Box
boxes/3.jpg,Box
boxes/4.png,Box
boxes/5.jpg,Box
boxes/6.png,Box
boxes/7.png,Box
boxes/8.jpg,Box
boxes/9.jpg,Box
boxes/10.jpg,Box
boxes/11.jpg,Box
boxes/12.jpg,Box
boxes/13.jpg,Box
boxes/14.jpg,Box
boxes/15.jpg,Box
boxes/16.jpg,Box
boxes/17.jpg,Box
boxes/18.jpg,Box
boxes/19.jpg,Box
books/1.jpg,Book
books/2.jpg,Book
books/3.jpg,Book
books/4.jpg,Book
books/5.jpg,Book
books/6.jpg,Book
books/6.png,Book
books/7.jpg,Book
books/8.jpg,Book
books/9.jpg,Book
books/10.jpg,Book
books/11.png,Book
books/12.jpg,Book
books/13.jpg,Book
books/14.jpg,Book
books/15.jpg,Book
books/16.jpg,Book
books/17.jpg,Book
books/18.jpg,Book
books/19.jpg,Book
books/20.jpg,Book
books/21.jpg,Book
books/22.jpg,Book
books/23.jpg,Book
books/24.jpg,Book
books/25.jpg,Book
